team,manager,since
France,Didier Deschamps,2012
England,Gareth SouthGate,2017
Germany,Joachim Löw,2006
Brazil,Adenor Leonardo Bacchi,2016
Portugal,Fernando Santos,2016
Argentina,Jorge Sampaoli,2017
Belgium,Roberto Martinez,2016
Spain,Julen Lopetegui,2016
Poland,Adam Nawalka,2013
Switzerland,Vladimir Petkovic,2014
Peru,Ricardo Gareca,2015
Denmark,Age Hareide,2017
Columbia,Jose Pekerman,2012
Italy,Vacant,2017
Mexico,Juan Carlos Osorio,2017
Croatia,Zlatco Dalic,2017
Sweden,Janne Andersson,2016
Wales,Vacant,2017
Netherland,Dick Advocaat,2017
Uruguay,Oscar Tabaerz,2006
Iceland,Heimir Hallgrimsson,2016
Senegal,Aliou Cissé,2015
USA,Dave Sarachan,2017
Northern Ireland,Michael O'Neill,2012
Costa Rica,Oscar Ramirez,2015
Tunisia,Nabil Maaloul,2017
Slovakia,Jan Kozak,2013
Austria,Marcel Koller,2011
Paraguay,Francisco Arce,2015
Chile,Vacant,2016
